file,y_true,y_prob,y_pred
cat.4001.jpg,0,0.7754976,1
cat.4002.jpg,0,0.66406596,1
cat.4003.jpg,0,0.27819562,0
cat.4004.jpg,0,0.29977167,0
cat.4005.jpg,0,0.1908145,0
cat.4006.jpg,0,0.6759895,1
cat.4007.jpg,0,0.29067433,0
cat.4008.jpg,0,0.5521264,1
cat.4009.jpg,0,0.8256319,1
cat.4010.jpg,0,0.41537726,0
cat.4011.jpg,0,0.10000972,0
cat.4012.jpg,0,0.14587443,0
cat.4013.jpg,0,0.22922277,0
cat.4014.jpg,0,0.12042793,0
cat.4015.jpg,0,0.20931667,0
cat.4016.jpg,0,0.17281762,0
cat.4017.jpg,0,0.5524436,1
cat.4018.jpg,0,0.48330444,0
cat.4019.jpg,0,0.053257056,0
cat.4020.jpg,0,0.58329797,1
cat.4021.jpg,0,0.6513171,1
cat.4022.jpg,0,0.3306993,0
cat.4023.jpg,0,0.2547675,0
cat.4024.jpg,0,0.26482135,0
cat.4025.jpg,0,0.52507955,1
cat.4026.jpg,0,0.22463378,0
cat.4027.jpg,0,0.13722055,0
cat.4028.jpg,0,0.2269392,0
cat.4029.jpg,0,0.23366661,0
cat.4030.jpg,0,0.22373505,0
cat.4031.jpg,0,0.4148634,0
cat.4032.jpg,0,0.31268063,0
cat.4033.jpg,0,0.48617354,0
cat.4034.jpg,0,0.15127566,0
cat.4035.jpg,0,0.18522488,0
cat.4036.jpg,0,0.44486502,0
cat.4037.jpg,0,0.6419556,1
cat.4038.jpg,0,0.3529573,0
cat.4039.jpg,0,0.30560723,0
cat.4040.jpg,0,0.23789965,0
cat.4041.jpg,0,0.20069143,0
cat.4042.jpg,0,0.5911262,1
cat.4043.jpg,0,0.2792215,0
cat.4044.jpg,0,0.34985465,0
cat.4045.jpg,0,0.13533156,0
cat.4046.jpg,0,0.25767422,0
cat.4047.jpg,0,0.3782521,0
cat.4048.jpg,0,0.12720132,0
cat.4049.jpg,0,0.36017305,0
cat.4050.jpg,0,0.3315807,0
cat.4051.jpg,0,0.25232175,0
cat.4052.jpg,0,0.52381504,1
cat.4053.jpg,0,0.7438604,1
cat.4054.jpg,0,0.27394333,0
cat.4055.jpg,0,0.4654925,0
cat.4056.jpg,0,0.8201453,1
cat.4057.jpg,0,0.08349473,0
cat.4058.jpg,0,0.44427973,0
cat.4059.jpg,0,0.2540262,0
cat.4060.jpg,0,0.17966402,0
cat.4061.jpg,0,0.23781072,0
cat.4062.jpg,0,0.3764023,0
cat.4063.jpg,0,0.08787481,0
cat.4064.jpg,0,0.3459827,0
cat.4065.jpg,0,0.14903943,0
cat.4066.jpg,0,0.5852849,1
cat.4067.jpg,0,0.20724444,0
cat.4068.jpg,0,0.50651824,1
cat.4069.jpg,0,0.5922972,1
cat.4070.jpg,0,0.14456241,0
cat.4071.jpg,0,0.19474508,0
cat.4072.jpg,0,0.3565367,0
cat.4073.jpg,0,0.17820425,0
cat.4074.jpg,0,0.012578774,0
cat.4075.jpg,0,0.42913714,0
cat.4076.jpg,0,0.6953518,1
cat.4077.jpg,0,0.2645028,0
cat.4078.jpg,0,0.2420621,0
cat.4079.jpg,0,0.20433782,0
cat.4080.jpg,0,0.21361087,0
cat.4081.jpg,0,0.12242347,0
cat.4082.jpg,0,0.09367077,0
cat.4083.jpg,0,0.12429404,0
cat.4084.jpg,0,0.23214705,0
cat.4085.jpg,0,0.9747008,1
cat.4086.jpg,0,0.34409654,0
cat.4087.jpg,0,0.13280609,0
cat.4088.jpg,0,0.20032588,0
cat.4089.jpg,0,0.28628844,0
cat.4090.jpg,0,0.83901936,1
cat.4091.jpg,0,0.4609938,0
cat.4092.jpg,0,0.17256127,0
cat.4093.jpg,0,0.3932445,0
cat.4094.jpg,0,0.21172635,0
cat.4095.jpg,0,0.33120835,0
cat.4096.jpg,0,0.803444,1
cat.4097.jpg,0,0.38514033,0
cat.4098.jpg,0,0.26064315,0
cat.4099.jpg,0,0.149063,0
cat.4100.jpg,0,0.25023782,0
cat.4101.jpg,0,0.2116207,0
cat.4102.jpg,0,0.22281796,0
cat.4103.jpg,0,0.39958203,0
cat.4104.jpg,0,0.3163507,0
cat.4105.jpg,0,0.2620451,0
cat.4106.jpg,0,0.31319055,0
cat.4107.jpg,0,0.6965576,1
cat.4108.jpg,0,0.21805182,0
cat.4109.jpg,0,0.112277344,0
cat.4110.jpg,0,0.0980169,0
cat.4111.jpg,0,0.16319291,0
cat.4112.jpg,0,0.5029035,1
cat.4113.jpg,0,0.3625052,0
cat.4114.jpg,0,0.09980488,0
cat.4115.jpg,0,0.1034971,0
cat.4116.jpg,0,0.47170332,0
cat.4117.jpg,0,0.31593838,0
cat.4118.jpg,0,0.19025855,0
cat.4119.jpg,0,0.86276567,1
cat.4120.jpg,0,0.27431983,0
cat.4121.jpg,0,0.6010264,1
cat.4122.jpg,0,0.16519317,0
cat.4123.jpg,0,0.30929202,0
cat.4124.jpg,0,0.13076636,0
cat.4125.jpg,0,0.17170882,0
cat.4126.jpg,0,0.11689894,0
cat.4127.jpg,0,0.13753186,0
cat.4128.jpg,0,0.3574315,0
cat.4129.jpg,0,0.15524574,0
cat.4130.jpg,0,0.28867105,0
cat.4131.jpg,0,0.08114483,0
cat.4132.jpg,0,0.50703925,1
cat.4133.jpg,0,0.37476152,0
cat.4134.jpg,0,0.36978987,0
cat.4135.jpg,0,0.17927472,0
cat.4136.jpg,0,0.2838077,0
cat.4137.jpg,0,0.5811516,1
cat.4138.jpg,0,0.122333355,0
cat.4139.jpg,0,0.12108053,0
cat.4140.jpg,0,0.10332063,0
cat.4141.jpg,0,0.09316655,0
cat.4142(1).jpg,0,0.13444562,0
cat.4142.jpg,0,0.13444562,0
cat.4143.jpg,0,0.5931321,1
cat.4144.jpg,0,0.4140493,0
cat.4145.jpg,0,0.2552148,0
cat.4146.jpg,0,0.3166021,0
cat.4147.jpg,0,0.12850183,0
cat.4148.jpg,0,0.26021618,0
cat.4149.jpg,0,0.21508758,0
cat.4150.jpg,0,0.4150537,0
cat.4151.jpg,0,0.78875244,1
cat.4152.jpg,0,0.56352305,1
cat.4153.jpg,0,0.23479994,0
cat.4154.jpg,0,0.2510428,0
cat.4155.jpg,0,0.17466573,0
cat.4156(1).jpg,0,0.4406526,0
cat.4156.jpg,0,0.4406526,0
cat.4157.jpg,0,0.2727798,0
cat.4158.jpg,0,0.26459545,0
cat.4159.jpg,0,0.56745535,1
cat.4160.jpg,0,0.25045115,0
cat.4161.jpg,0,0.42165324,0
cat.4162.jpg,0,0.21263017,0
cat.4163.jpg,0,0.19482759,0
cat.4164.jpg,0,0.2755228,0
cat.4165.jpg,0,0.26198414,0
cat.4166.jpg,0,0.12841931,0
cat.4167.jpg,0,0.09955926,0
cat.4168.jpg,0,0.15518881,0
cat.4169.jpg,0,0.19439697,0
cat.4170.jpg,0,0.42583516,0
cat.4171.jpg,0,0.49014756,0
cat.4172.jpg,0,0.34431496,0
cat.4173.jpg,0,0.53137636,1
cat.4174.jpg,0,0.84621537,1
cat.4175.jpg,0,0.09325048,0
cat.4176.jpg,0,0.21650621,0
cat.4177.jpg,0,0.2870821,0
cat.4178.jpg,0,0.50657547,1
cat.4179.jpg,0,0.18512179,0
cat.4180.jpg,0,0.10254511,0
cat.4181(1).jpg,0,0.34021753,0
cat.4181.jpg,0,0.34021753,0
cat.4182.jpg,0,0.2961098,0
cat.4183.jpg,0,0.33753097,0
cat.4184.jpg,0,0.16217159,0
cat.4185.jpg,0,0.15181641,0
cat.4186.jpg,0,0.05464292,0
cat.4187.jpg,0,0.21543935,0
cat.4188.jpg,0,0.31382188,0
cat.4189.jpg,0,0.5409753,1
cat.4190.jpg,0,0.8408532,1
cat.4191.jpg,0,0.22343165,0
cat.4192.jpg,0,0.76842207,1
cat.4193.jpg,0,0.28296953,0
cat.4194.jpg,0,0.22184312,0
cat.4195(1).jpg,0,0.5684935,1
cat.4195.jpg,0,0.5684935,1
cat.4196.jpg,0,0.20078456,0
cat.4197.jpg,0,0.18641466,0
cat.4198.jpg,0,0.80420756,1
cat.4199.jpg,0,0.72859555,1
cat.4200.jpg,0,0.089566216,0
cat.4201.jpg,0,0.21006851,0
cat.4202.jpg,0,0.33109438,0
cat.4203.jpg,0,0.3081107,0
cat.4204.jpg,0,0.3983846,0
cat.4205.jpg,0,0.38784528,0
cat.4206.jpg,0,0.26739565,0
cat.4207.jpg,0,0.4947294,0
cat.4208.jpg,0,0.2142005,0
cat.4209.jpg,0,0.37284788,0
cat.4210.jpg,0,0.46379694,0
cat.4211.jpg,0,0.554102,1
cat.4212.jpg,0,0.1391789,0
cat.4213.jpg,0,0.09263986,0
cat.4214.jpg,0,0.30127382,0
cat.4215.jpg,0,0.13791655,0
cat.4216.jpg,0,0.49014914,0
cat.4217.jpg,0,0.33933154,0
cat.4218.jpg,0,0.3823614,0
cat.4219.jpg,0,0.2065375,0
cat.4220(1).jpg,0,0.44813815,0
cat.4220.jpg,0,0.44813815,0
cat.4221.jpg,0,0.28347751,0
cat.4222.jpg,0,0.5969962,1
cat.4223.jpg,0,0.1335951,0
cat.4224.jpg,0,0.2819519,0
cat.4225.jpg,0,0.23388055,0
cat.4226.jpg,0,0.42369458,0
cat.4227.jpg,0,0.26190004,0
cat.4228.jpg,0,0.29742932,0
cat.4229.jpg,0,0.22724508,0
cat.4230.jpg,0,0.26433295,0
cat.4231.jpg,0,0.45277175,0
cat.4232.jpg,0,0.3287276,0
cat.4233.jpg,0,0.1401186,0
cat.4234.jpg,0,0.49695346,0
cat.4235.jpg,0,0.2083152,0
cat.4236.jpg,0,0.4367807,0
cat.4237.jpg,0,0.24409302,0
cat.4238.jpg,0,0.7312468,1
cat.4239.jpg,0,0.59694976,1
cat.4240.jpg,0,0.8073583,1
cat.4241.jpg,0,0.09655277,0
cat.4242.jpg,0,0.044219352,0
cat.4243.jpg,0,0.30041507,0
cat.4244.jpg,0,0.12416683,0
cat.4245.jpg,0,0.2180988,0
cat.4246.jpg,0,0.37335828,0
cat.4247.jpg,0,0.56809664,1
cat.4248.jpg,0,0.08147469,0
cat.4249.jpg,0,0.090343274,0
cat.4250.jpg,0,0.5694638,1
cat.4251.jpg,0,0.30922484,0
cat.4252.jpg,0,0.33776575,0
cat.4253.jpg,0,0.23037143,0
cat.4254.jpg,0,0.50672376,1
cat.4255.jpg,0,0.46798405,0
cat.4256.jpg,0,0.14254625,0
cat.4257.jpg,0,0.213391,0
cat.4258.jpg,0,0.45492765,0
cat.4259.jpg,0,0.26462877,0
cat.4260.jpg,0,0.26731044,0
cat.4261.jpg,0,0.55298686,1
cat.4262.jpg,0,0.025834236,0
cat.4263.jpg,0,0.27799088,0
cat.4264.jpg,0,0.2802931,0
cat.4265.jpg,0,0.2828392,0
cat.4266.jpg,0,0.12707849,0
cat.4267.jpg,0,0.8739793,1
cat.4268.jpg,0,0.35709774,0
cat.4269.jpg,0,0.48932317,0
cat.4270.jpg,0,0.51531065,1
cat.4271.jpg,0,0.23571739,0
cat.4272.jpg,0,0.21950999,0
cat.4273.jpg,0,0.29383707,0
cat.4274.jpg,0,0.76121193,1
cat.4275.jpg,0,0.20934111,0
cat.4276.jpg,0,0.33104306,0
cat.4277.jpg,0,0.46882161,0
cat.4278.jpg,0,0.36880776,0
cat.4279.jpg,0,0.409862,0
cat.4280.jpg,0,0.24112391,0
cat.4281.jpg,0,0.3355612,0
cat.4282.jpg,0,0.22426881,0
cat.4283.jpg,0,0.55875087,1
cat.4284.jpg,0,0.37986708,0
cat.4285.jpg,0,0.69098544,1
cat.4286.jpg,0,0.36216655,0
cat.4287.jpg,0,0.23593111,0
cat.4288.jpg,0,0.2765401,0
cat.4289.jpg,0,0.0986482,0
cat.4290.jpg,0,0.03260258,0
cat.4291.jpg,0,0.22087052,0
cat.4292.jpg,0,0.19197011,0
cat.4293.jpg,0,0.385067,0
cat.4294.jpg,0,0.38975593,0
cat.4295.jpg,0,0.28938425,0
cat.4296.jpg,0,0.6883372,1
cat.4297.jpg,0,0.83771825,1
cat.4298.jpg,0,0.37467813,0
cat.4299.jpg,0,0.14230686,0
cat.4300.jpg,0,0.14312026,0
cat.4301.jpg,0,0.49146852,0
cat.4302.jpg,0,0.25813958,0
cat.4303.jpg,0,0.20136924,0
cat.4304.jpg,0,0.44346747,0
cat.4305.jpg,0,0.35165232,0
cat.4306.jpg,0,0.16456597,0
cat.4307.jpg,0,0.1032922,0
cat.4308.jpg,0,0.5473843,1
cat.4309.jpg,0,0.21830794,0
cat.4310.jpg,0,0.2900059,0
cat.4311.jpg,0,0.49979097,0
cat.4312.jpg,0,0.3088447,0
cat.4313.jpg,0,0.28255656,0
cat.4314.jpg,0,0.24734071,0
cat.4315.jpg,0,0.008059052,0
cat.4316.jpg,0,0.20554978,0
cat.4317.jpg,0,0.29306096,0
cat.4318.jpg,0,0.63607013,1
cat.4319.jpg,0,0.47239923,0
cat.4320.jpg,0,0.17687754,0
cat.4321.jpg,0,0.25390226,0
cat.4322.jpg,0,0.1115444,0
cat.4323.jpg,0,0.29218146,0
cat.4324.jpg,0,0.16269207,0
cat.4325.jpg,0,0.14295974,0
cat.4326.jpg,0,0.14274256,0
cat.4327.jpg,0,0.066922694,0
cat.4328.jpg,0,0.59052366,1
cat.4329.jpg,0,0.52714854,1
cat.4330.jpg,0,0.09491566,0
cat.4331.jpg,0,0.25988698,0
cat.4332.jpg,0,0.32326132,0
cat.4333.jpg,0,0.33696875,0
cat.4334.jpg,0,0.51836044,1
cat.4335.jpg,0,0.745086,1
cat.4336.jpg,0,0.36536142,0
cat.4337.jpg,0,0.39251775,0
cat.4338.jpg,0,0.47439587,0
cat.4339.jpg,0,0.24575959,0
cat.4340.jpg,0,0.2827793,0
cat.4341.jpg,0,0.15562117,0
cat.4342.jpg,0,0.5294639,1
cat.4343.jpg,0,0.4689155,0
cat.4344.jpg,0,0.5386587,1
cat.4345.jpg,0,0.122812904,0
cat.4346.jpg,0,0.5530808,1
cat.4347.jpg,0,0.262163,0
cat.4348.jpg,0,0.22707874,0
cat.4349.jpg,0,0.22740988,0
cat.4350.jpg,0,0.438196,0
cat.4351.jpg,0,0.2439309,0
cat.4352.jpg,0,0.021641858,0
cat.4353.jpg,0,0.2894345,0
cat.4354.jpg,0,0.20569846,0
cat.4355.jpg,0,0.09739461,0
cat.4356.jpg,0,0.15858898,0
cat.4357.jpg,0,0.6694051,1
cat.4358.jpg,0,0.6717722,1
cat.4359.jpg,0,0.7854774,1
cat.4360.jpg,0,0.7402141,1
cat.4361.jpg,0,0.27167374,0
cat.4362.jpg,0,0.20087154,0
cat.4363.jpg,0,0.26576802,0
cat.4364.jpg,0,0.30852404,0
cat.4365.jpg,0,0.37610492,0
cat.4366.jpg,0,0.11170975,0
cat.4367.jpg,0,0.23666643,0
cat.4368.jpg,0,0.04782298,0
cat.4369.jpg,0,0.14417809,0
cat.4370.jpg,0,0.40886682,0
cat.4371.jpg,0,0.44260713,0
cat.4372.jpg,0,0.36213213,0
cat.4373.jpg,0,0.056305956,0
cat.4374.jpg,0,0.55316937,1
cat.4375.jpg,0,0.739775,1
cat.4376.jpg,0,0.42081574,0
cat.4377.jpg,0,0.33063185,0
cat.4378.jpg,0,0.6585332,1
cat.4379.jpg,0,0.49842384,0
cat.4380.jpg,0,0.895094,1
cat.4381.jpg,0,0.19593096,0
cat.4382.jpg,0,0.4334592,0
cat.4383.jpg,0,0.12040362,0
cat.4384.jpg,0,0.24264365,0
cat.4385.jpg,0,0.32006443,0
cat.4386.jpg,0,0.103844054,0
cat.4387.jpg,0,0.16319758,0
cat.4388.jpg,0,0.322013,0
cat.4389.jpg,0,0.44550872,0
cat.4390.jpg,0,0.3639776,0
cat.4391.jpg,0,0.58232504,1
cat.4392.jpg,0,0.49251464,0
cat.4393.jpg,0,0.40115482,0
cat.4394.jpg,0,0.6998258,1
cat.4395.jpg,0,0.14750805,0
cat.4396.jpg,0,0.46088934,0
cat.4397(1).jpg,0,0.9849235,1
cat.4397.jpg,0,0.9849235,1
cat.4398.jpg,0,0.558843,1
cat.4399.jpg,0,0.13503262,0
cat.4400.jpg,0,0.2468395,0
cat.4401.jpg,0,0.39689445,0
cat.4402.jpg,0,0.15307479,0
cat.4403.jpg,0,0.21388556,0
cat.4404.jpg,0,0.2185291,0
cat.4405.jpg,0,0.39029187,0
cat.4406.jpg,0,0.1338017,0
cat.4407.jpg,0,0.094167426,0
cat.4408.jpg,0,0.17753221,0
cat.4409.jpg,0,0.33154082,0
cat.4410.jpg,0,0.1661596,0
cat.4411.jpg,0,0.21024454,0
cat.4412.jpg,0,0.5603558,1
cat.4413.jpg,0,0.36744016,0
cat.4414.jpg,0,0.15213613,0
cat.4415.jpg,0,0.5558642,1
cat.4416.jpg,0,0.54087645,1
cat.4417.jpg,0,0.4860497,0
cat.4418.jpg,0,0.5690745,1
cat.4419.jpg,0,0.33213362,0
cat.4420.jpg,0,0.5262156,1
cat.4421.jpg,0,0.12527478,0
cat.4422.jpg,0,0.558872,1
cat.4423.jpg,0,0.4260141,0
cat.4424.jpg,0,0.09887579,0
cat.4425.jpg,0,0.74705625,1
cat.4426.jpg,0,0.42705673,0
cat.4427.jpg,0,0.29830635,0
cat.4428.jpg,0,0.21968421,0
cat.4429.jpg,0,0.22898918,0
cat.4430.jpg,0,0.43056318,0
cat.4431.jpg,0,0.12029937,0
cat.4432.jpg,0,0.3263441,0
cat.4433.jpg,0,0.2491187,0
cat.4434.jpg,0,0.16751812,0
cat.4435.jpg,0,0.47098053,0
cat.4436.jpg,0,0.04326615,0
cat.4437.jpg,0,0.20005667,0
cat.4438.jpg,0,0.25386164,0
cat.4439.jpg,0,0.4910031,0
cat.4440.jpg,0,0.34283182,0
cat.4441.jpg,0,0.2277787,0
cat.4442.jpg,0,0.15894535,0
cat.4443.jpg,0,0.09649132,0
cat.4444.jpg,0,0.34042603,0
cat.4445.jpg,0,0.5092111,1
cat.4446.jpg,0,0.07152978,0
cat.4447.jpg,0,0.55358994,1
cat.4448.jpg,0,0.33662423,0
cat.4449.jpg,0,0.37099996,0
cat.4450.jpg,0,0.2484951,0
cat.4451.jpg,0,0.6104361,1
cat.4452.jpg,0,0.38021457,0
cat.4453.jpg,0,0.181634,0
cat.4454.jpg,0,0.19254017,0
cat.4455.jpg,0,0.54342735,1
cat.4456.jpg,0,0.13459459,0
cat.4457.jpg,0,0.7221403,1
cat.4458.jpg,0,0.17157292,0
cat.4459.jpg,0,0.49156287,0
cat.4460.jpg,0,0.25851277,0
cat.4461.jpg,0,0.54183567,1
cat.4462.jpg,0,0.14822605,0
cat.4463.jpg,0,0.3322778,0
cat.4464.jpg,0,0.526742,1
cat.4465.jpg,0,0.12821005,0
cat.4466.jpg,0,0.18669176,0
cat.4467.jpg,0,0.72972155,1
cat.4468.jpg,0,0.39696625,0
cat.4469.jpg,0,0.60730195,1
cat.4470.jpg,0,0.24664709,0
cat.4471.jpg,0,0.083963946,0
cat.4472.jpg,0,0.112468824,0
cat.4473.jpg,0,0.17944893,0
cat.4474.jpg,0,0.65862656,1
cat.4475.jpg,0,0.1755414,0
cat.4476.jpg,0,0.24513045,0
cat.4477.jpg,0,0.3296792,0
cat.4478.jpg,0,0.6302135,1
cat.4479.jpg,0,0.49091008,0
cat.4480.jpg,0,0.27516773,0
cat.4481.jpg,0,0.15590413,0
cat.4482.jpg,0,0.15928648,0
cat.4483.jpg,0,0.18108597,0
cat.4484.jpg,0,0.3959185,0
cat.4485.jpg,0,0.11276425,0
cat.4486.jpg,0,0.2022298,0
cat.4487.jpg,0,0.16522801,0
cat.4488.jpg,0,0.16430718,0
cat.4489.jpg,0,0.6698301,1
cat.4490.jpg,0,0.25754657,0
cat.4491.jpg,0,0.4096709,0
cat.4492.jpg,0,0.75330186,1
cat.4493.jpg,0,0.38688457,0
cat.4494.jpg,0,0.3337184,0
cat.4495.jpg,0,0.095892765,0
cat.4496.jpg,0,0.20003757,0
cat.4497.jpg,0,0.16659473,0
cat.4498.jpg,0,0.10105456,0
cat.4499.jpg,0,0.5122856,1
cat.4500.jpg,0,0.20906653,0
cat.4501.jpg,0,0.14587085,0
cat.4502.jpg,0,0.64936304,1
cat.4503.jpg,0,0.4042047,0
cat.4504.jpg,0,0.3436021,0
cat.4505.jpg,0,0.36542892,0
cat.4506.jpg,0,0.07462891,0
cat.4507.jpg,0,0.3451553,0
cat.4508.jpg,0,0.3926125,0
cat.4509.jpg,0,0.26841903,0
cat.4510.jpg,0,0.36577785,0
cat.4511.jpg,0,0.44926333,0
cat.4512.jpg,0,0.6210669,1
cat.4513.jpg,0,0.33721486,0
cat.4514.jpg,0,0.30288476,0
cat.4515.jpg,0,0.24434464,0
cat.4516.jpg,0,0.6688826,1
cat.4517.jpg,0,0.16179661,0
cat.4518.jpg,0,0.81153345,1
cat.4519.jpg,0,0.17414838,0
cat.4520.jpg,0,0.4502261,0
cat.4521.jpg,0,0.42697608,0
cat.4522.jpg,0,0.34293258,0
cat.4523.jpg,0,0.15749665,0
cat.4524.jpg,0,0.33984348,0
cat.4525.jpg,0,0.6724839,1
cat.4526.jpg,0,0.08100725,0
cat.4527.jpg,0,0.3874833,0
cat.4528.jpg,0,0.26484257,0
cat.4529.jpg,0,0.10038159,0
cat.4530.jpg,0,0.21125837,0
cat.4531.jpg,0,0.47817758,0
cat.4532.jpg,0,0.06258782,0
cat.4533.jpg,0,0.17766693,0
cat.4534.jpg,0,0.2893334,0
cat.4535.jpg,0,0.3150708,0
cat.4536.jpg,0,0.27099517,0
cat.4537.jpg,0,0.24767303,0
cat.4538.jpg,0,0.557382,1
cat.4539.jpg,0,0.61289144,1
cat.4540.jpg,0,0.13046198,0
cat.4541.jpg,0,0.25818926,0
cat.4542.jpg,0,0.23779528,0
cat.4543.jpg,0,0.2814691,0
cat.4544.jpg,0,0.5024621,1
cat.4545.jpg,0,0.30685908,0
cat.4546.jpg,0,0.34400693,0
cat.4547.jpg,0,0.26056758,0
cat.4548.jpg,0,0.17092094,0
cat.4549.jpg,0,0.1404097,0
cat.4550.jpg,0,0.20520695,0
cat.4551.jpg,0,0.37433535,0
cat.4552.jpg,0,0.2204586,0
cat.4553.jpg,0,0.21529143,0
cat.4554.jpg,0,0.6514636,1
cat.4555.jpg,0,0.18585268,0
cat.4556.jpg,0,0.13424322,0
cat.4557.jpg,0,0.30646175,0
cat.4558.jpg,0,0.2259942,0
cat.4559.jpg,0,0.49038327,0
cat.4560.jpg,0,0.20801887,0
cat.4561.jpg,0,0.043975532,0
cat.4562.jpg,0,0.43833643,0
cat.4563.jpg,0,0.76304007,1
cat.4564.jpg,0,0.5383265,1
cat.4565.jpg,0,0.40694612,0
cat.4566.jpg,0,0.5509233,1
cat.4567.jpg,0,0.2382752,0
cat.4568.jpg,0,0.28947744,0
cat.4569.jpg,0,0.24210331,0
cat.4570.jpg,0,0.5431294,1
cat.4571.jpg,0,0.669083,1
cat.4572.jpg,0,0.26499757,0
cat.4573.jpg,0,0.39253515,0
cat.4574.jpg,0,0.6457279,1
cat.4575.jpg,0,0.11877686,0
cat.4576.jpg,0,0.37110966,0
cat.4577.jpg,0,0.14977865,0
cat.4578.jpg,0,0.13087097,0
cat.4579.jpg,0,0.51479435,1
cat.4580.jpg,0,0.67056346,1
cat.4581.jpg,0,0.21398807,0
cat.4582.jpg,0,0.21326752,0
cat.4583.jpg,0,0.36481822,0
cat.4584.jpg,0,0.6653604,1
cat.4585.jpg,0,0.259401,0
cat.4586.jpg,0,0.13104145,0
cat.4587.jpg,0,0.1922914,0
cat.4588.jpg,0,0.2876839,0
cat.4589.jpg,0,0.40893215,0
cat.4590.jpg,0,0.42527568,0
cat.4591.jpg,0,0.4042889,0
cat.4592.jpg,0,0.16030556,0
cat.4593.jpg,0,0.2252189,0
cat.4594.jpg,0,0.032366224,0
cat.4595.jpg,0,0.43499893,0
cat.4596.jpg,0,0.17845266,0
cat.4597.jpg,0,0.57495546,1
cat.4598.jpg,0,0.06657104,0
cat.4599.jpg,0,0.5205364,1
cat.4600.jpg,0,0.26540247,0
cat.4601.jpg,0,0.2622263,0
cat.4602.jpg,0,0.48744163,0
cat.4603.jpg,0,0.10303188,0
cat.4604.jpg,0,0.16020992,0
cat.4605.jpg,0,0.5640766,1
cat.4606.jpg,0,0.15977165,0
cat.4607.jpg,0,0.02395448,0
cat.4608.jpg,0,0.10791248,0
cat.4609.jpg,0,0.6363772,1
cat.4610.jpg,0,0.35061118,0
cat.4611.jpg,0,0.14165276,0
cat.4612.jpg,0,0.3793847,0
cat.4613.jpg,0,0.19058801,0
cat.4614.jpg,0,0.32369965,0
cat.4615.jpg,0,0.5758891,1
cat.4616.jpg,0,0.37808102,0
cat.4617.jpg,0,0.1490344,0
cat.4618(1).jpg,0,0.12871002,0
cat.4618.jpg,0,0.12871002,0
cat.4619.jpg,0,0.44544125,0
cat.4620.jpg,0,0.31230688,0
cat.4621.jpg,0,0.18502338,0
cat.4622.jpg,0,0.7755508,1
cat.4623.jpg,0,0.13161433,0
cat.4624(1).jpg,0,0.18040115,0
cat.4624.jpg,0,0.18040115,0
cat.4625.jpg,0,0.30550155,0
cat.4626.jpg,0,0.18543023,0
cat.4627.jpg,0,0.10100049,0
cat.4628.jpg,0,0.4257667,0
cat.4629.jpg,0,0.112187386,0
cat.4630(1).jpg,0,0.0405842,0
cat.4630.jpg,0,0.0405842,0
cat.4631.jpg,0,0.19404326,0
cat.4632.jpg,0,0.26165,0
cat.4633.jpg,0,0.6254374,1
cat.4634.jpg,0,0.16868575,0
cat.4635.jpg,0,0.45920914,0
cat.4636.jpg,0,0.24156444,0
cat.4637.jpg,0,0.65579456,1
cat.4638.jpg,0,0.14266032,0
cat.4639.jpg,0,0.17490995,0
cat.4640.jpg,0,0.31360868,0
cat.4641.jpg,0,0.08621232,0
cat.4642.jpg,0,0.5252158,1
cat.4643.jpg,0,0.608519,1
cat.4644.jpg,0,0.1898333,0
cat.4645.jpg,0,0.51927114,1
cat.4646.jpg,0,0.32101148,0
cat.4647.jpg,0,0.22336058,0
cat.4648.jpg,0,0.07729133,0
cat.4649.jpg,0,0.7530777,1
cat.4650.jpg,0,0.45034924,0
cat.4651.jpg,0,0.20327088,0
cat.4652.jpg,0,0.6396749,1
cat.4653.jpg,0,0.4299692,0
cat.4654.jpg,0,0.15491885,0
cat.4655.jpg,0,0.04948074,0
cat.4656.jpg,0,0.24043803,0
cat.4657.jpg,0,0.4513436,0
cat.4658.jpg,0,0.23444079,0
cat.4659.jpg,0,0.5341495,1
cat.4660.jpg,0,0.5873301,1
cat.4661.jpg,0,0.54975086,1
cat.4662.jpg,0,0.14097995,0
cat.4663.jpg,0,0.4664896,0
cat.4664.jpg,0,0.6062906,1
cat.4665.jpg,0,0.24771142,0
cat.4666.jpg,0,0.24135844,0
cat.4667.jpg,0,0.06916811,0
cat.4668.jpg,0,0.31631282,0
cat.4669.jpg,0,0.29495335,0
cat.4670.jpg,0,0.41775036,0
cat.4671.jpg,0,0.25840425,0
cat.4672.jpg,0,0.111389466,0
cat.4673.jpg,0,0.5739779,1
cat.4674.jpg,0,0.42724532,0
cat.4675.jpg,0,0.07672858,0
cat.4676.jpg,0,0.43377167,0
cat.4677.jpg,0,0.15185845,0
cat.4678.jpg,0,0.16288038,0
cat.4679.jpg,0,0.48949087,0
cat.4680.jpg,0,0.26526517,0
cat.4681.jpg,0,0.45029584,0
cat.4682.jpg,0,0.4944568,0
cat.4683.jpg,0,0.8561188,1
cat.4684.jpg,0,0.358347,0
cat.4685.jpg,0,0.76098603,1
cat.4686.jpg,0,0.13504818,0
cat.4687.jpg,0,0.05899415,0
cat.4688.jpg,0,0.99189043,1
cat.4689.jpg,0,0.26563954,0
cat.4690.jpg,0,0.21729544,0
cat.4691.jpg,0,0.53869295,1
cat.4692.jpg,0,0.14107805,0
cat.4693.jpg,0,0.2211134,0
cat.4694.jpg,0,0.17175159,0
cat.4695.jpg,0,0.1799495,0
cat.4696.jpg,0,0.44097832,0
cat.4697.jpg,0,0.55612564,1
cat.4698.jpg,0,0.2839486,0
cat.4699.jpg,0,0.5838971,1
cat.4700.jpg,0,0.5109228,1
cat.4701.jpg,0,0.54145217,1
cat.4702.jpg,0,0.44064948,0
cat.4703.jpg,0,0.31189212,0
cat.4704.jpg,0,0.43563813,0
cat.4705.jpg,0,0.17128268,0
cat.4706.jpg,0,0.6699961,1
cat.4707.jpg,0,0.07508135,0
cat.4708.jpg,0,0.29960433,0
cat.4709.jpg,0,0.5130018,1
cat.4710.jpg,0,0.14169756,0
cat.4711.jpg,0,0.25593874,0
cat.4712.jpg,0,0.06762351,0
cat.4713.jpg,0,0.67824936,1
cat.4714.jpg,0,0.17959403,0
cat.4715.jpg,0,0.5614141,1
cat.4716.jpg,0,0.12547046,0
cat.4717.jpg,0,0.4247416,0
cat.4718.jpg,0,0.43140018,0
cat.4719.jpg,0,0.5741268,1
cat.4720.jpg,0,0.07719907,0
cat.4721.jpg,0,0.28553474,0
cat.4722.jpg,0,0.25549605,0
cat.4723.jpg,0,0.30145484,0
cat.4724.jpg,0,0.6578868,1
cat.4725.jpg,0,0.061122246,0
cat.4726.jpg,0,0.14455855,0
cat.4727.jpg,0,0.13651477,0
cat.4728.jpg,0,0.31665367,0
cat.4729.jpg,0,0.58077556,1
cat.4730.jpg,0,0.40607888,0
cat.4731.jpg,0,0.16533545,0
cat.4732.jpg,0,0.28608233,0
cat.4733.jpg,0,0.37007353,0
cat.4734.jpg,0,0.06981167,0
cat.4735.jpg,0,0.16679962,0
cat.4736.jpg,0,0.102470495,0
cat.4737.jpg,0,0.27875656,0
cat.4738.jpg,0,0.41901475,0
cat.4739.jpg,0,0.32546243,0
cat.4740.jpg,0,0.08454258,0
cat.4741.jpg,0,0.40387636,0
cat.4742.jpg,0,0.24496368,0
cat.4743.jpg,0,0.724681,1
cat.4744.jpg,0,0.094786555,0
cat.4745.jpg,0,0.73260105,1
cat.4746.jpg,0,0.14834681,0
cat.4747.jpg,0,0.17589574,0
cat.4748.jpg,0,0.062362336,0
cat.4749.jpg,0,0.17725812,0
cat.4750.jpg,0,0.44159436,0
cat.4751.jpg,0,0.30162346,0
cat.4752.jpg,0,0.29622522,0
cat.4753.jpg,0,0.2525238,0
cat.4754.jpg,0,0.46811512,0
cat.4755.jpg,0,0.5714386,1
cat.4756.jpg,0,0.40939623,0
cat.4757.jpg,0,0.3787503,0
cat.4758.jpg,0,0.7296866,1
cat.4759.jpg,0,0.16105273,0
cat.4760.jpg,0,0.7733608,1
cat.4761.jpg,0,0.06264817,0
cat.4762.jpg,0,0.6646443,1
cat.4763.jpg,0,0.4611087,0
cat.4764.jpg,0,0.28653395,0
cat.4765.jpg,0,0.8523133,1
cat.4766.jpg,0,0.32020485,0
cat.4767.jpg,0,0.5703551,1
cat.4768.jpg,0,0.832139,1
cat.4769.jpg,0,0.27531606,0
cat.4770.jpg,0,0.3894121,0
cat.4771.jpg,0,0.47610444,0
cat.4772.jpg,0,0.5421157,1
cat.4773.jpg,0,0.27305862,0
cat.4774.jpg,0,0.020111632,0
cat.4775.jpg,0,0.14710458,0
cat.4776.jpg,0,0.48830688,0
cat.4777.jpg,0,0.48929608,0
cat.4778.jpg,0,0.7878815,1
cat.4779.jpg,0,0.11060217,0
cat.4780.jpg,0,0.12875521,0
cat.4781.jpg,0,0.31077537,0
cat.4782.jpg,0,0.7352065,1
cat.4783.jpg,0,0.60576224,1
cat.4784.jpg,0,0.3207645,0
cat.4785.jpg,0,0.45831263,0
cat.4786.jpg,0,0.7064331,1
cat.4787.jpg,0,0.502181,1
cat.4788.jpg,0,0.16267952,0
cat.4789.jpg,0,0.65444314,1
cat.4790.jpg,0,0.51123416,1
cat.4791.jpg,0,0.2675587,0
cat.4792.jpg,0,0.297939,0
cat.4793.jpg,0,0.3139065,0
cat.4794.jpg,0,0.5818983,1
cat.4795.jpg,0,0.3111645,0
cat.4796.jpg,0,0.090253524,0
cat.4797.jpg,0,0.3311905,0
cat.4798.jpg,0,0.60995364,1
cat.4799.jpg,0,0.57084775,1
cat.4800.jpg,0,0.30553403,0
cat.4801.jpg,0,0.72640985,1
cat.4802.jpg,0,0.49243596,0
cat.4803(1).jpg,0,0.29247925,0
cat.4803.jpg,0,0.29247925,0
cat.4804.jpg,0,0.43028173,0
cat.4805.jpg,0,0.6642461,1
cat.4806.jpg,0,0.10771164,0
cat.4807.jpg,0,0.23053202,0
cat.4808.jpg,0,0.38802117,0
cat.4809.jpg,0,0.31530672,0
cat.4810.jpg,0,0.10697832,0
cat.4811.jpg,0,0.39072448,0
cat.4812.jpg,0,0.09722714,0
cat.4813.jpg,0,0.26895693,0
cat.4814.jpg,0,0.19985886,0
cat.4815.jpg,0,0.7244085,1
cat.4816.jpg,0,0.27946627,0
cat.4817(1).jpg,0,0.23424706,0
cat.4817.jpg,0,0.23424706,0
cat.4818.jpg,0,0.41978225,0
cat.4819.jpg,0,0.5059049,1
cat.4820.jpg,0,0.25670478,0
cat.4821.jpg,0,0.04633613,0
cat.4822.jpg,0,0.28106713,0
cat.4823.jpg,0,0.14945963,0
cat.4824.jpg,0,0.025876878,0
cat.4825.jpg,0,0.5406333,1
cat.4826.jpg,0,0.22472323,0
cat.4827.jpg,0,0.9597479,1
cat.4828.jpg,0,0.1462383,0
cat.4829.jpg,0,0.2645849,0
cat.4830.jpg,0,0.22752208,0
cat.4831.jpg,0,0.8001639,1
cat.4832.jpg,0,0.33320272,0
cat.4833.jpg,0,0.8832726,1
cat.4834.jpg,0,0.1269669,0
cat.4835.jpg,0,0.20277493,0
cat.4836.jpg,0,0.2591179,0
cat.4837.jpg,0,0.3834445,0
cat.4838.jpg,0,0.12931979,0
cat.4839.jpg,0,0.03445468,0
cat.4840.jpg,0,0.15304682,0
cat.4841.jpg,0,0.29928273,0
cat.4842.jpg,0,0.5777483,1
cat.4843.jpg,0,0.18107282,0
cat.4844.jpg,0,0.9172546,1
cat.4845.jpg,0,0.7578477,1
cat.4846.jpg,0,0.6025144,1
cat.4847.jpg,0,0.22523497,0
cat.4848.jpg,0,0.26264465,0
cat.4849.jpg,0,0.14347243,0
cat.4850.jpg,0,0.51079106,1
cat.4851.jpg,0,0.19136994,0
cat.4852.jpg,0,0.68467057,1
cat.4853.jpg,0,0.29496354,0
cat.4854.jpg,0,0.4241449,0
cat.4855.jpg,0,0.37443474,0
cat.4856.jpg,0,0.09456445,0
cat.4857.jpg,0,0.12586446,0
cat.4858.jpg,0,0.32941443,0
cat.4859.jpg,0,0.18465944,0
cat.4860.jpg,0,0.49235103,0
cat.4861.jpg,0,0.28404823,0
cat.4862.jpg,0,0.17224082,0
cat.4863.jpg,0,0.45092788,0
cat.4864.jpg,0,0.3591327,0
cat.4865.jpg,0,0.14265631,0
cat.4866.jpg,0,0.1819104,0
cat.4867.jpg,0,0.11454016,0
cat.4868.jpg,0,0.75499386,1
cat.4869.jpg,0,0.53387415,1
cat.4870.jpg,0,0.41321534,0
cat.4871.jpg,0,0.6224859,1
cat.4872.jpg,0,0.32800013,0
cat.4873.jpg,0,0.20061347,0
cat.4874.jpg,0,0.6996399,1
cat.4875.jpg,0,0.3707471,0
cat.4876.jpg,0,0.29325876,0
cat.4877.jpg,0,0.21309096,0
cat.4878.jpg,0,0.7634904,1
cat.4879.jpg,0,0.3421622,0
cat.4880.jpg,0,0.46685326,0
cat.4881.jpg,0,0.4612202,0
cat.4882.jpg,0,0.17860745,0
cat.4883.jpg,0,0.6999849,1
cat.4884.jpg,0,0.053967293,0
cat.4885.jpg,0,0.26573002,0
cat.4886.jpg,0,0.18009286,0
cat.4887.jpg,0,0.1966041,0
cat.4888.jpg,0,0.3409942,0
cat.4889.jpg,0,0.55093795,1
cat.4890.jpg,0,0.38433504,0
cat.4891.jpg,0,0.21273851,0
cat.4892.jpg,0,0.58253855,1
cat.4893.jpg,0,0.74390954,1
cat.4894.jpg,0,0.44920418,0
cat.4895.jpg,0,0.7039709,1
cat.4896.jpg,0,0.10131353,0
cat.4897.jpg,0,0.42155167,0
cat.4898.jpg,0,0.40946823,0
cat.4899.jpg,0,0.12706101,0
cat.4900.jpg,0,0.098633714,0
cat.4901.jpg,0,0.54238254,1
cat.4902.jpg,0,0.3265933,0
cat.4903.jpg,0,0.15927415,0
cat.4904.jpg,0,0.17128435,0
cat.4905.jpg,0,0.7407488,1
cat.4906.jpg,0,0.60085046,1
cat.4907.jpg,0,0.4667299,0
cat.4908.jpg,0,0.26693958,0
cat.4909.jpg,0,0.48956597,0
cat.4910.jpg,0,0.1952942,0
cat.4911.jpg,0,0.17958307,0
cat.4912.jpg,0,0.43963364,0
cat.4913.jpg,0,0.59444153,1
cat.4914.jpg,0,0.52759975,1
cat.4915.jpg,0,0.3426777,0
cat.4916.jpg,0,0.08821287,0
cat.4917.jpg,0,0.43362224,0
cat.4918.jpg,0,0.25675082,0
cat.4919.jpg,0,0.3677456,0
cat.4920.jpg,0,0.4090891,0
cat.4921.jpg,0,0.06543458,0
cat.4922.jpg,0,0.12681758,0
cat.4923.jpg,0,0.21908066,0
cat.4924.jpg,0,0.29984534,0
cat.4925.jpg,0,0.1632956,0
cat.4926.jpg,0,0.25309145,0
cat.4927.jpg,0,0.5600558,1
cat.4928.jpg,0,0.30480552,0
cat.4929.jpg,0,0.25961602,0
cat.4930.jpg,0,0.27877375,0
cat.4931.jpg,0,0.06886083,0
cat.4932.jpg,0,0.1700332,0
cat.4933.jpg,0,0.4768593,0
cat.4934.jpg,0,0.18875918,0
cat.4935.jpg,0,0.31699693,0
cat.4936.jpg,0,0.067225285,0
cat.4937.jpg,0,0.608274,1
cat.4938.jpg,0,0.23775333,0
cat.4939.jpg,0,0.23606956,0
cat.4940.jpg,0,0.10888071,0
cat.4941.jpg,0,0.28798044,0
cat.4942.jpg,0,0.12800442,0
cat.4943.jpg,0,0.19708274,0
cat.4944.jpg,0,0.4477247,0
cat.4945.jpg,0,0.4293179,0
cat.4946.jpg,0,0.21417075,0
cat.4947.jpg,0,0.2942037,0
cat.4948.jpg,0,0.38828248,0
cat.4949.jpg,0,0.17857425,0
cat.4950.jpg,0,0.34770155,0
cat.4951.jpg,0,0.284195,0
cat.4952.jpg,0,0.498498,0
cat.4953.jpg,0,0.1253687,0
cat.4954.jpg,0,0.08395864,0
cat.4955.jpg,0,0.19254668,0
cat.4956.jpg,0,0.077847145,0
cat.4957.jpg,0,0.41885835,0
cat.4958.jpg,0,0.27472237,0
cat.4959.jpg,0,0.98646414,1
cat.4960.jpg,0,0.17871675,0
cat.4961.jpg,0,0.18350084,0
cat.4962.jpg,0,0.13559112,0
cat.4963.jpg,0,0.26311433,0
cat.4964.jpg,0,0.15145966,0
cat.4965.jpg,0,0.86284494,1
cat.4966.jpg,0,0.71401334,1
cat.4967.jpg,0,0.3399936,0
cat.4968.jpg,0,0.30367866,0
cat.4969.jpg,0,0.15762196,0
cat.4970.jpg,0,0.6906686,1
cat.4971.jpg,0,0.25054368,0
cat.4972.jpg,0,0.42592004,0
cat.4973.jpg,0,0.49039763,0
cat.4974.jpg,0,0.36213684,0
cat.4975.jpg,0,0.28751135,0
cat.4976.jpg,0,0.7141658,1
cat.4977.jpg,0,0.20356268,0
cat.4978.jpg,0,0.7408724,1
cat.4979.jpg,0,0.55997735,1
cat.4980.jpg,0,0.43968943,0
cat.4981.jpg,0,0.29630083,0
cat.4982.jpg,0,0.12385107,0
cat.4983.jpg,0,0.4858967,0
cat.4984.jpg,0,0.42667782,0
cat.4985.jpg,0,0.4880304,0
cat.4986.jpg,0,0.27480823,0
cat.4987.jpg,0,0.42038995,0
cat.4988.jpg,0,0.33776608,0
cat.4989.jpg,0,0.03865428,0
cat.4990.jpg,0,0.47012442,0
cat.4991.jpg,0,0.06493291,0
cat.4992.jpg,0,0.63913983,1
cat.4993.jpg,0,0.15766194,0
cat.4994.jpg,0,0.2966776,0
cat.4995.jpg,0,0.35774744,0
cat.4996.jpg,0,0.391332,0
cat.4997.jpg,0,0.18622206,0
cat.4998.jpg,0,0.09823698,0
cat.4999.jpg,0,0.17618254,0
cat.5000.jpg,0,0.4043105,0
dog.4001.jpg,1,0.66572213,1
dog.4002.jpg,1,0.41683224,0
dog.4003.jpg,1,0.78487784,1
dog.4004.jpg,1,0.859306,1
dog.4005.jpg,1,0.8769688,1
dog.4006.jpg,1,0.15040985,0
dog.4007.jpg,1,0.45052123,0
dog.4008.jpg,1,0.8519434,1
dog.4009.jpg,1,0.9667831,1
dog.4010.jpg,1,0.37980428,0
dog.4011.jpg,1,0.87226063,1
dog.4012.jpg,1,0.85593355,1
dog.4013.jpg,1,0.79229647,1
dog.4014.jpg,1,0.7926156,1
dog.4015.jpg,1,0.8461728,1
dog.4016.jpg,1,0.7920261,1
dog.4017.jpg,1,0.6897631,1
dog.4018.jpg,1,0.816256,1
dog.4019.jpg,1,0.8512201,1
dog.4020.jpg,1,0.5690817,1
dog.4021.jpg,1,0.87478846,1
dog.4022.jpg,1,0.83823043,1
dog.4023.jpg,1,0.7273165,1
dog.4024.jpg,1,0.44395056,0
dog.4025.jpg,1,0.88076013,1
dog.4026.jpg,1,0.74196905,1
dog.4027.jpg,1,0.97782063,1
dog.4028.jpg,1,0.3060618,0
dog.4029.jpg,1,0.522292,1
dog.4030.jpg,1,0.3438756,0
dog.4031.jpg,1,0.3741469,0
dog.4032.jpg,1,0.70373815,1
dog.4033.jpg,1,0.6649006,1
dog.4034.jpg,1,0.51005137,1
dog.4035.jpg,1,0.97357017,1
dog.4036.jpg,1,0.9425694,1
dog.4037.jpg,1,0.8982538,1
dog.4038.jpg,1,0.40419108,0
dog.4039.jpg,1,0.9499638,1
dog.4040.jpg,1,0.9841562,1
dog.4041.jpg,1,0.45519236,0
dog.4042.jpg,1,0.6159431,1
dog.4043.jpg,1,0.19684277,0
dog.4044.jpg,1,0.77987605,1
dog.4045.jpg,1,0.9420424,1
dog.4046.jpg,1,0.9386984,1
dog.4047.jpg,1,0.84740573,1
dog.4048.jpg,1,0.63098276,1
dog.4049.jpg,1,0.69302315,1
dog.4050.jpg,1,0.61926985,1
dog.4051.jpg,1,0.97411215,1
dog.4052.jpg,1,0.7181161,1
dog.4053.jpg,1,0.6940273,1
dog.4054.jpg,1,0.6751364,1
dog.4055.jpg,1,0.75849444,1
dog.4056.jpg,1,0.45541298,0
dog.4057.jpg,1,0.565063,1
dog.4058.jpg,1,0.85249585,1
dog.4059.jpg,1,0.98792523,1
dog.4060.jpg,1,0.5464875,1
dog.4061.jpg,1,0.9296714,1
dog.4062.jpg,1,0.9391267,1
dog.4063.jpg,1,0.97684497,1
dog.4064.jpg,1,0.56000584,1
dog.4065.jpg,1,0.60338336,1
dog.4066.jpg,1,0.6496664,1
dog.4067.jpg,1,0.5786244,1
dog.4068.jpg,1,0.8025707,1
dog.4069.jpg,1,0.40936258,0
dog.4070.jpg,1,0.4128762,0
dog.4071.jpg,1,0.73806614,1
dog.4072.jpg,1,0.87589717,1
dog.4073.jpg,1,0.990783,1
dog.4074.jpg,1,0.680071,1
dog.4075.jpg,1,0.9244344,1
dog.4076.jpg,1,0.68811154,1
dog.4077.jpg,1,0.96323717,1
dog.4078.jpg,1,0.554982,1
dog.4079.jpg,1,0.5062776,1
dog.4080.jpg,1,0.4457653,0
dog.4081.jpg,1,0.9392387,1
dog.4082.jpg,1,0.8881111,1
dog.4083.jpg,1,0.70952225,1
dog.4084.jpg,1,0.67708707,1
dog.4085.jpg,1,0.9844444,1
dog.4086.jpg,1,0.75113285,1
dog.4087.jpg,1,0.98788613,1
dog.4088.jpg,1,0.9660602,1
dog.4089.jpg,1,0.8232636,1
dog.4090.jpg,1,0.7132022,1
dog.4091.jpg,1,0.3810204,0
dog.4092.jpg,1,0.77344066,1
dog.4093.jpg,1,0.60937226,1
dog.4094.jpg,1,0.5744007,1
dog.4095.jpg,1,0.73963106,1
dog.4096.jpg,1,0.6949419,1
dog.4097.jpg,1,0.3301942,0
dog.4098.jpg,1,0.55155617,1
dog.4099.jpg,1,0.86050344,1
dog.4100.jpg,1,0.9014539,1
dog.4101.jpg,1,0.5363084,1
dog.4102.jpg,1,0.85318524,1
dog.4103.jpg,1,0.87465405,1
dog.4104.jpg,1,0.5527609,1
dog.4105.jpg,1,0.81409883,1
dog.4106.jpg,1,0.38547012,0
dog.4107.jpg,1,0.46807125,0
dog.4108.jpg,1,0.39915076,0
dog.4109.jpg,1,0.5875946,1
dog.4110.jpg,1,0.50499254,1
dog.4111.jpg,1,0.97993064,1
dog.4112.jpg,1,0.81094277,1
dog.4113.jpg,1,0.69184536,1
dog.4114.jpg,1,0.978206,1
dog.4115.jpg,1,0.7023655,1
dog.4116.jpg,1,0.6482446,1
dog.4117.jpg,1,0.88164574,1
dog.4118.jpg,1,0.87808084,1
dog.4119.jpg,1,0.43812203,0
dog.4120.jpg,1,0.9541573,1
dog.4121.jpg,1,0.53424287,1
dog.4122.jpg,1,0.80597585,1
dog.4123.jpg,1,0.89941937,1
dog.4124.jpg,1,0.96236026,1
dog.4125.jpg,1,0.5864829,1
dog.4126.jpg,1,0.9624005,1
dog.4127.jpg,1,0.14818364,0
dog.4128.jpg,1,0.8523952,1
dog.4129.jpg,1,0.24524274,0
dog.4130.jpg,1,0.8876701,1
dog.4131.jpg,1,0.99527526,1
dog.4132.jpg,1,0.961899,1
dog.4133.jpg,1,0.94017345,1
dog.4134.jpg,1,0.80915666,1
dog.4135.jpg,1,0.45903173,0
dog.4136.jpg,1,0.8109598,1
dog.4137.jpg,1,0.9734229,1
dog.4138.jpg,1,0.8076668,1
dog.4139.jpg,1,0.3046238,0
dog.4140.jpg,1,0.8011819,1
dog.4141.jpg,1,0.87852615,1
dog.4142.jpg,1,0.5632444,1
dog.4143.jpg,1,0.5754703,1
dog.4144.jpg,1,0.39159346,0
dog.4145.jpg,1,0.6314786,1
dog.4146.jpg,1,0.63302964,1
dog.4147.jpg,1,0.82063437,1
dog.4148.jpg,1,0.92886865,1
dog.4149.jpg,1,0.62682056,1
dog.4150.jpg,1,0.70734656,1
dog.4151.jpg,1,0.42750847,0
dog.4152.jpg,1,0.5125759,1
dog.4153.jpg,1,0.6060599,1
dog.4154.jpg,1,0.37275884,0
dog.4155.jpg,1,0.9977252,1
dog.4156.jpg,1,0.9068971,1
dog.4157.jpg,1,0.39526635,0
dog.4158.jpg,1,0.9904856,1
dog.4159(1).jpg,1,0.17670041,0
dog.4159.jpg,1,0.17670041,0
dog.4160.jpg,1,0.5898555,1
dog.4161.jpg,1,0.26489767,0
dog.4162.jpg,1,0.69803476,1
dog.4163.jpg,1,0.66048735,1
dog.4164.jpg,1,0.9303639,1
dog.4165(1).jpg,1,0.5726223,1
dog.4165.jpg,1,0.5726223,1
dog.4166.jpg,1,0.98929185,1
dog.4167.jpg,1,0.7654237,1
dog.4168.jpg,1,0.58858037,1
dog.4169.jpg,1,0.4289265,0
dog.4170.jpg,1,0.84452885,1
dog.4171(1).jpg,1,0.31430942,0
dog.4171.jpg,1,0.31430942,0
dog.4172.jpg,1,0.8868695,1
dog.4173.jpg,1,0.9957026,1
dog.4174.jpg,1,0.5548785,1
dog.4175.jpg,1,0.48273188,0
dog.4176.jpg,1,0.7757369,1
dog.4177.jpg,1,0.6528355,1
dog.4178.jpg,1,0.87199163,1
dog.4179.jpg,1,0.93453074,1
dog.4180.jpg,1,0.5837765,1
dog.4181.jpg,1,0.737899,1
dog.4182.jpg,1,0.22472964,0
dog.4183.jpg,1,0.48796892,0
dog.4184.jpg,1,0.21089423,0
dog.4185.jpg,1,0.35558394,0
dog.4186.jpg,1,0.5259244,1
dog.4187.jpg,1,0.42730087,0
dog.4188.jpg,1,0.58255583,1
dog.4189.jpg,1,0.8834877,1
dog.4190.jpg,1,0.8632968,1
dog.4191.jpg,1,0.7894377,1
dog.4192.jpg,1,0.99775946,1
dog.4193.jpg,1,0.7823313,1
dog.4194.jpg,1,0.7800411,1
dog.4195.jpg,1,0.4908559,0
dog.4196.jpg,1,0.63499105,1
dog.4197.jpg,1,0.72842336,1
dog.4198.jpg,1,0.7071919,1
dog.4199.jpg,1,0.48609138,0
dog.4200.jpg,1,0.94317085,1
dog.4201.jpg,1,0.463059,0
dog.4202.jpg,1,0.97905844,1
dog.4203.jpg,1,0.8151615,1
dog.4204.jpg,1,0.8182275,1
dog.4205(1).jpg,1,0.683778,1
dog.4205.jpg,1,0.683778,1
dog.4206.jpg,1,0.65813434,1
dog.4207.jpg,1,0.47029,0
dog.4208.jpg,1,0.6913743,1
dog.4209.jpg,1,0.54678386,1
dog.4210.jpg,1,0.82507306,1
dog.4211.jpg,1,0.8105035,1
dog.4212.jpg,1,0.9382783,1
dog.4213.jpg,1,0.9319551,1
dog.4214.jpg,1,0.997654,1
dog.4215.jpg,1,0.24166805,0
dog.4216.jpg,1,0.51067364,1
dog.4217.jpg,1,0.8764377,1
dog.4218.jpg,1,0.5388998,1
dog.4219.jpg,1,0.5771312,1
dog.4220.jpg,1,0.5433784,1
dog.4221.jpg,1,0.9009949,1
dog.4222.jpg,1,0.53666055,1
dog.4223.jpg,1,0.5843368,1
dog.4224.jpg,1,0.72295845,1
dog.4225.jpg,1,0.96110773,1
dog.4226.jpg,1,0.9225107,1
dog.4227.jpg,1,0.7752758,1
dog.4228.jpg,1,0.7253374,1
dog.4229.jpg,1,0.6131793,1
dog.4230.jpg,1,0.9026613,1
dog.4231.jpg,1,0.87068075,1
dog.4232.jpg,1,0.55322593,1
dog.4233.jpg,1,0.38988602,0
dog.4234.jpg,1,0.7114455,1
dog.4235.jpg,1,0.84289634,1
dog.4236.jpg,1,0.9881881,1
dog.4237.jpg,1,0.47465914,0
dog.4238.jpg,1,0.71556336,1
dog.4239.jpg,1,0.7850791,1
dog.4240.jpg,1,0.7732298,1
dog.4241.jpg,1,0.9950535,1
dog.4242.jpg,1,0.7570841,1
dog.4243.jpg,1,0.79722476,1
dog.4244.jpg,1,0.87389225,1
dog.4245.jpg,1,0.45538786,0
dog.4246.jpg,1,0.5004349,1
dog.4247.jpg,1,0.72340703,1
dog.4248.jpg,1,0.3527016,0
dog.4249.jpg,1,0.8927069,1
dog.4250.jpg,1,0.2636689,0
dog.4251.jpg,1,0.5748879,1
dog.4252.jpg,1,0.99215454,1
dog.4253.jpg,1,0.9486693,1
dog.4254.jpg,1,0.7584064,1
dog.4255.jpg,1,0.40252087,0
dog.4256.jpg,1,0.569766,1
dog.4257.jpg,1,0.44881982,0
dog.4258.jpg,1,0.9953553,1
dog.4259.jpg,1,0.9901889,1
dog.4260.jpg,1,0.9115652,1
dog.4261.jpg,1,0.7977402,1
dog.4262.jpg,1,0.549672,1
dog.4263.jpg,1,0.5693984,1
dog.4264.jpg,1,0.81773984,1
dog.4265.jpg,1,0.95651716,1
dog.4266.jpg,1,0.9832614,1
dog.4267.jpg,1,0.60965854,1
dog.4268.jpg,1,0.9074327,1
dog.4269.jpg,1,0.22871402,0
dog.4270.jpg,1,0.9947905,1
dog.4271.jpg,1,0.5424779,1
dog.4272.jpg,1,0.89287215,1
dog.4273.jpg,1,0.9363664,1
dog.4274.jpg,1,0.9327758,1
dog.4275.jpg,1,0.29192993,0
dog.4276.jpg,1,0.5147,1
dog.4277.jpg,1,0.9458765,1
dog.4278.jpg,1,0.89790624,1
dog.4279.jpg,1,0.8805413,1
dog.4280.jpg,1,0.5824192,1
dog.4281.jpg,1,0.85036904,1
dog.4282.jpg,1,0.16571648,0
dog.4283.jpg,1,0.39770776,0
dog.4284.jpg,1,0.81019974,1
dog.4285.jpg,1,0.17499883,0
dog.4286.jpg,1,0.9853342,1
dog.4287.jpg,1,0.8681227,1
dog.4288.jpg,1,0.81369007,1
dog.4289.jpg,1,0.9654683,1
dog.4290.jpg,1,0.8049257,1
dog.4291.jpg,1,0.81245536,1
dog.4292.jpg,1,0.9785181,1
dog.4293.jpg,1,0.20993635,0
dog.4294.jpg,1,0.50578946,1
dog.4295.jpg,1,0.70459217,1
dog.4296.jpg,1,0.82373166,1
dog.4297.jpg,1,0.27201337,0
dog.4298.jpg,1,0.8915751,1
dog.4299.jpg,1,0.626662,1
dog.4300.jpg,1,0.7238102,1
dog.4301.jpg,1,0.32161742,0
dog.4302.jpg,1,0.7709047,1
dog.4303.jpg,1,0.57037365,1
dog.4304.jpg,1,0.8013383,1
dog.4305.jpg,1,0.515063,1
dog.4306.jpg,1,0.5020697,1
dog.4307.jpg,1,0.9919535,1
dog.4308.jpg,1,0.42538095,0
dog.4309.jpg,1,0.8732009,1
dog.4310.jpg,1,0.88484925,1
dog.4311.jpg,1,0.68084985,1
dog.4312.jpg,1,0.93036425,1
dog.4313.jpg,1,0.97685367,1
dog.4314.jpg,1,0.30153856,0
dog.4315.jpg,1,0.25030905,0
dog.4316.jpg,1,0.89679766,1
dog.4317.jpg,1,0.65657556,1
dog.4318.jpg,1,0.34294993,0
dog.4319.jpg,1,0.748956,1
dog.4320.jpg,1,0.43576294,0
dog.4321.jpg,1,0.5739017,1
dog.4322.jpg,1,0.5328075,1
dog.4323.jpg,1,0.81201774,1
dog.4324.jpg,1,0.28815836,0
dog.4325.jpg,1,0.9430637,1
dog.4326.jpg,1,0.9917809,1
dog.4327.jpg,1,0.80857635,1
dog.4328.jpg,1,0.8797265,1
dog.4329.jpg,1,0.6977011,1
dog.4330.jpg,1,0.96843976,1
dog.4331.jpg,1,0.66181207,1
dog.4332.jpg,1,0.56429565,1
dog.4333.jpg,1,0.6465786,1
dog.4334.jpg,1,0.70756125,1
dog.4335.jpg,1,0.49736825,0
dog.4336.jpg,1,0.9969733,1
dog.4337.jpg,1,0.99807835,1
dog.4338.jpg,1,0.83925384,1
dog.4339.jpg,1,0.44596186,0
dog.4340.jpg,1,0.5910683,1
dog.4341.jpg,1,0.96776867,1
dog.4342.jpg,1,0.83404636,1
dog.4343.jpg,1,0.7748401,1
dog.4344.jpg,1,0.82378745,1
dog.4345.jpg,1,0.6211501,1
dog.4346.jpg,1,0.8664114,1
dog.4347.jpg,1,0.7870899,1
dog.4348.jpg,1,0.82527894,1
dog.4349.jpg,1,0.75751054,1
dog.4350.jpg,1,0.23674358,0
dog.4351.jpg,1,0.3267064,0
dog.4352.jpg,1,0.9943627,1
dog.4353.jpg,1,0.9645249,1
dog.4354.jpg,1,0.61009854,1
dog.4355.jpg,1,0.8165208,1
dog.4356.jpg,1,0.90535486,1
dog.4357.jpg,1,0.35397243,0
dog.4358.jpg,1,0.4749788,0
dog.4359.jpg,1,0.42073134,0
dog.4360.jpg,1,0.48630023,0
dog.4361.jpg,1,0.96271425,1
dog.4362.jpg,1,0.9091366,1
dog.4363.jpg,1,0.24073744,0
dog.4364.jpg,1,0.8129181,1
dog.4365.jpg,1,0.8972894,1
dog.4366.jpg,1,0.64447224,1
dog.4367.jpg,1,0.9317267,1
dog.4368.jpg,1,0.68926775,1
dog.4369.jpg,1,0.976875,1
dog.4370.jpg,1,0.1669917,0
dog.4371.jpg,1,0.92781967,1
dog.4372.jpg,1,0.91873825,1
dog.4373(1).jpg,1,0.47827235,0
dog.4373.jpg,1,0.47827235,0
dog.4374.jpg,1,0.7496424,1
dog.4375.jpg,1,0.398444,0
dog.4376.jpg,1,0.47173133,0
dog.4377.jpg,1,0.57400995,1
dog.4378.jpg,1,0.8767804,1
dog.4379.jpg,1,0.64321613,1
dog.4380.jpg,1,0.38397846,0
dog.4381.jpg,1,0.95883554,1
dog.4382.jpg,1,0.604769,1
dog.4383.jpg,1,0.6169981,1
dog.4384.jpg,1,0.43507192,0
dog.4385.jpg,1,0.9417355,1
dog.4386.jpg,1,0.45814288,0
dog.4387.jpg,1,0.58515817,1
dog.4388.jpg,1,0.5660417,1
dog.4389.jpg,1,0.9564754,1
dog.4390.jpg,1,0.94990253,1
dog.4391.jpg,1,0.9671509,1
dog.4392.jpg,1,0.9018455,1
dog.4393.jpg,1,0.6133496,1
dog.4394.jpg,1,0.44921768,0
dog.4395.jpg,1,0.8940079,1
dog.4396.jpg,1,0.9731377,1
dog.4397.jpg,1,0.9781263,1
dog.4398.jpg,1,0.17285123,0
dog.4399.jpg,1,0.5711338,1
dog.4400.jpg,1,0.72556347,1
dog.4401.jpg,1,0.8512707,1
dog.4402.jpg,1,0.7518192,1
dog.4403.jpg,1,0.73956716,1
dog.4404.jpg,1,0.69925743,1
dog.4405.jpg,1,0.9626888,1
dog.4406.jpg,1,0.92011756,1
dog.4407.jpg,1,0.7953063,1
dog.4408.jpg,1,0.6105083,1
dog.4409.jpg,1,0.97227836,1
dog.4410.jpg,1,0.9982794,1
dog.4411.jpg,1,0.7204339,1
dog.4412.jpg,1,0.8773414,1
dog.4413.jpg,1,0.909643,1
dog.4414.jpg,1,0.85890126,1
dog.4415.jpg,1,0.99887246,1
dog.4416.jpg,1,0.60751015,1
dog.4417.jpg,1,0.64463216,1
dog.4418.jpg,1,0.9654977,1
dog.4419.jpg,1,0.74558383,1
dog.4420.jpg,1,0.5772045,1
dog.4421.jpg,1,0.24227855,0
dog.4422.jpg,1,0.48306906,0
dog.4423.jpg,1,0.87070835,1
dog.4424.jpg,1,0.7663465,1
dog.4425.jpg,1,0.9576568,1
dog.4426.jpg,1,0.4835018,0
dog.4427.jpg,1,0.74105585,1
dog.4428.jpg,1,0.8159995,1
dog.4429(1).jpg,1,0.67066187,1
dog.4429.jpg,1,0.67066187,1
dog.4430.jpg,1,0.70832044,1
dog.4431.jpg,1,0.9599836,1
dog.4432.jpg,1,0.86686295,1
dog.4433.jpg,1,0.990123,1
dog.4434.jpg,1,0.4902672,0
dog.4435.jpg,1,0.24333774,0
dog.4436.jpg,1,0.78919953,1
dog.4437.jpg,1,0.9935173,1
dog.4438.jpg,1,0.85047096,1
dog.4439.jpg,1,0.8994797,1
dog.4440.jpg,1,0.94998455,1
dog.4441.jpg,1,0.6144368,1
dog.4442.jpg,1,0.6773722,1
dog.4443.jpg,1,0.9953032,1
dog.4444.jpg,1,0.8850361,1
dog.4445.jpg,1,0.98954403,1
dog.4446.jpg,1,0.56646276,1
dog.4447.jpg,1,0.77152747,1
dog.4448.jpg,1,0.7384493,1
dog.4449.jpg,1,0.9911635,1
dog.4450.jpg,1,0.5554239,1
dog.4451.jpg,1,0.9558499,1
dog.4452.jpg,1,0.60224354,1
dog.4453.jpg,1,0.94199914,1
dog.4454.jpg,1,0.5935166,1
dog.4455.jpg,1,0.77564377,1
dog.4456.jpg,1,0.2786044,0
dog.4457.jpg,1,0.93737173,1
dog.4458.jpg,1,0.85730046,1
dog.4459.jpg,1,0.8348106,1
dog.4460.jpg,1,0.556842,1
dog.4461.jpg,1,0.82248586,1
dog.4462.jpg,1,0.85837555,1
dog.4463.jpg,1,0.22232011,0
dog.4464.jpg,1,0.51926386,1
dog.4465.jpg,1,0.71616054,1
dog.4466.jpg,1,0.84718835,1
dog.4467.jpg,1,0.92731535,1
dog.4468.jpg,1,0.8752977,1
dog.4469.jpg,1,0.48426163,0
dog.4470.jpg,1,0.37332657,0
dog.4471.jpg,1,0.32679927,0
dog.4472.jpg,1,0.92478025,1
dog.4473.jpg,1,0.59612167,1
dog.4474.jpg,1,0.64755297,1
dog.4475.jpg,1,0.22724137,0
dog.4476.jpg,1,0.32910073,0
dog.4477.jpg,1,0.66715515,1
dog.4478.jpg,1,0.7637974,1
dog.4479.jpg,1,0.7846005,1
dog.4480.jpg,1,0.97912586,1
dog.4481.jpg,1,0.9324671,1
dog.4482.jpg,1,0.5382942,1
dog.4483.jpg,1,0.56160206,1
dog.4484.jpg,1,0.68573433,1
dog.4485.jpg,1,0.6581992,1
dog.4486.jpg,1,0.67346746,1
dog.4487.jpg,1,0.82366514,1
dog.4488.jpg,1,0.8491029,1
dog.4489.jpg,1,0.60470647,1
dog.4490.jpg,1,0.9906857,1
dog.4491.jpg,1,0.8292911,1
dog.4492.jpg,1,0.8975274,1
dog.4493.jpg,1,0.80306524,1
dog.4494.jpg,1,0.7195234,1
dog.4495.jpg,1,0.7839985,1
dog.4496.jpg,1,0.5952287,1
dog.4497.jpg,1,0.8968246,1
dog.4498.jpg,1,0.9539214,1
dog.4499.jpg,1,0.67986906,1
dog.4500.jpg,1,0.14963676,0
dog.4501.jpg,1,0.65752435,1
dog.4502.jpg,1,0.6585585,1
dog.4503.jpg,1,0.8912941,1
dog.4504.jpg,1,0.98153543,1
dog.4505.jpg,1,0.9686481,1
dog.4506.jpg,1,0.7685354,1
dog.4507.jpg,1,0.6906289,1
dog.4508.jpg,1,0.7591241,1
dog.4509.jpg,1,0.7714771,1
dog.4510.jpg,1,0.7583756,1
dog.4511.jpg,1,0.90601414,1
dog.4512.jpg,1,0.57888824,1
dog.4513.jpg,1,0.7623227,1
dog.4514.jpg,1,0.81758606,1
dog.4515.jpg,1,0.81992084,1
dog.4516.jpg,1,0.7172621,1
dog.4517.jpg,1,0.8898522,1
dog.4518.jpg,1,0.86789995,1
dog.4519.jpg,1,0.7700358,1
dog.4520.jpg,1,0.8227658,1
dog.4521.jpg,1,0.547853,1
dog.4522.jpg,1,0.6313922,1
dog.4523.jpg,1,0.74770427,1
dog.4524.jpg,1,0.3741715,0
dog.4525.jpg,1,0.8068994,1
dog.4526.jpg,1,0.31337112,0
dog.4527.jpg,1,0.39205515,0
dog.4528.jpg,1,0.81576955,1
dog.4529.jpg,1,0.55534035,1
dog.4530.jpg,1,0.30439702,0
dog.4531.jpg,1,0.3833928,0
dog.4532.jpg,1,0.92223305,1
dog.4533.jpg,1,0.337282,0
dog.4534.jpg,1,0.5327159,1
dog.4535.jpg,1,0.90537155,1
dog.4536.jpg,1,0.66381437,1
dog.4537.jpg,1,0.39264643,0
dog.4538.jpg,1,0.7242646,1
dog.4539.jpg,1,0.9272199,1
dog.4540.jpg,1,0.9242574,1
dog.4541.jpg,1,0.9309573,1
dog.4542.jpg,1,0.65305907,1
dog.4543.jpg,1,0.9413875,1
dog.4544.jpg,1,0.5557589,1
dog.4545.jpg,1,0.63179135,1
dog.4546.jpg,1,0.9067856,1
dog.4547.jpg,1,0.92427605,1
dog.4548.jpg,1,0.7891642,1
dog.4549.jpg,1,0.50179636,1
dog.4550.jpg,1,0.78892636,1
dog.4551.jpg,1,0.589893,1
dog.4552.jpg,1,0.4838094,0
dog.4553.jpg,1,0.6102317,1
dog.4554.jpg,1,0.6949212,1
dog.4555.jpg,1,0.8898045,1
dog.4556.jpg,1,0.7053814,1
dog.4557.jpg,1,0.10220879,0
dog.4558.jpg,1,0.6347706,1
dog.4559.jpg,1,0.9637338,1
dog.4560.jpg,1,0.77859455,1
dog.4561.jpg,1,0.860654,1
dog.4562.jpg,1,0.8951511,1
dog.4563(1).jpg,1,0.6126496,1
dog.4563.jpg,1,0.6126496,1
dog.4564.jpg,1,0.69136554,1
dog.4565.jpg,1,0.37411547,0
dog.4566.jpg,1,0.9124535,1
dog.4567.jpg,1,0.947038,1
dog.4568.jpg,1,0.9109377,1
dog.4569.jpg,1,0.6170556,1
dog.4570.jpg,1,0.88482594,1
dog.4571.jpg,1,0.9807073,1
dog.4572.jpg,1,0.42392373,0
dog.4573.jpg,1,0.6663949,1
dog.4574.jpg,1,0.43976286,0
dog.4575.jpg,1,0.7811863,1
dog.4576.jpg,1,0.95118004,1
dog.4577.jpg,1,0.39942902,0
dog.4578.jpg,1,0.92557544,1
dog.4579.jpg,1,0.73924726,1
dog.4580.jpg,1,0.8392952,1
dog.4581.jpg,1,0.67139935,1
dog.4582.jpg,1,0.8969011,1
dog.4583.jpg,1,0.9676987,1
dog.4584.jpg,1,0.32997987,0
dog.4585.jpg,1,0.99900275,1
dog.4586.jpg,1,0.97611094,1
dog.4587.jpg,1,0.9389579,1
dog.4588.jpg,1,0.83739305,1
dog.4589.jpg,1,0.5792315,1
dog.4590.jpg,1,0.91423094,1
dog.4591.jpg,1,0.8184442,1
dog.4592.jpg,1,0.42959288,0
dog.4593.jpg,1,0.341293,0
dog.4594.jpg,1,0.9259613,1
dog.4595.jpg,1,0.9268564,1
dog.4596.jpg,1,0.5608973,1
dog.4597.jpg,1,0.94157964,1
dog.4598.jpg,1,0.93410647,1
dog.4599.jpg,1,0.8288483,1
dog.4600.jpg,1,0.8767807,1
dog.4601.jpg,1,0.5659226,1
dog.4602.jpg,1,0.9925566,1
dog.4603(1).jpg,1,0.5495139,1
dog.4603.jpg,1,0.5495139,1
dog.4604.jpg,1,0.9593112,1
dog.4605.jpg,1,0.8005465,1
dog.4606.jpg,1,0.5578491,1
dog.4607.jpg,1,0.40475458,0
dog.4608.jpg,1,0.9200114,1
dog.4609.jpg,1,0.7900666,1
dog.4610.jpg,1,0.33191228,0
dog.4611.jpg,1,0.51780653,1
dog.4612.jpg,1,0.6315895,1
dog.4613.jpg,1,0.9827052,1
dog.4614.jpg,1,0.9468759,1
dog.4615.jpg,1,0.48148304,0
dog.4616.jpg,1,0.44747293,0
dog.4617(1).jpg,1,0.85742146,1
dog.4617.jpg,1,0.85742146,1
dog.4618.jpg,1,0.9777844,1
dog.4619.jpg,1,0.86161274,1
dog.4620.jpg,1,0.7446392,1
dog.4621.jpg,1,0.82525784,1
dog.4622.jpg,1,0.5552408,1
dog.4623.jpg,1,0.95182294,1
dog.4624.jpg,1,0.96220887,1
dog.4625.jpg,1,0.76983666,1
dog.4626.jpg,1,0.8235614,1
dog.4627.jpg,1,0.9058501,1
dog.4628.jpg,1,0.8366231,1
dog.4629.jpg,1,0.9343566,1
dog.4630.jpg,1,0.12190145,0
dog.4631.jpg,1,0.93570393,1
dog.4632.jpg,1,0.31636453,0
dog.4633.jpg,1,0.21493565,0
dog.4634.jpg,1,0.51471263,1
dog.4635.jpg,1,0.9290167,1
dog.4636.jpg,1,0.22315563,0
dog.4637.jpg,1,0.46557575,0
dog.4638.jpg,1,0.97795635,1
dog.4639.jpg,1,0.8862058,1
dog.4640.jpg,1,0.8696626,1
dog.4641.jpg,1,0.41031176,0
dog.4642.jpg,1,0.46192527,0
dog.4643.jpg,1,0.43922552,0
dog.4644.jpg,1,0.8843667,1
dog.4645.jpg,1,0.9587609,1
dog.4646.jpg,1,0.3473904,0
dog.4647.jpg,1,0.591566,1
dog.4648.jpg,1,0.81038666,1
dog.4649.jpg,1,0.8545984,1
dog.4650.jpg,1,0.59687924,1
dog.4651.jpg,1,0.49748534,0
dog.4652.jpg,1,0.66706145,1
dog.4653.jpg,1,0.6359399,1
dog.4654.jpg,1,0.36682686,0
dog.4655.jpg,1,0.78432506,1
dog.4656.jpg,1,0.9854677,1
dog.4657.jpg,1,0.44737267,0
dog.4658.jpg,1,0.884756,1
dog.4659.jpg,1,0.93551725,1
dog.4660.jpg,1,0.45961848,0
dog.4661.jpg,1,0.91815555,1
dog.4662.jpg,1,0.99680936,1
dog.4663.jpg,1,0.3280442,0
dog.4664.jpg,1,0.62846243,1
dog.4665.jpg,1,0.2053071,0
dog.4666.jpg,1,0.75636274,1
dog.4667.jpg,1,0.7333356,1
dog.4668.jpg,1,0.95208704,1
dog.4669.jpg,1,0.4484309,0
dog.4670.jpg,1,0.47309476,0
dog.4671.jpg,1,0.6330677,1
dog.4672.jpg,1,0.93469477,1
dog.4673.jpg,1,0.81978595,1
dog.4674.jpg,1,0.35585958,0
dog.4675.jpg,1,0.83731914,1
dog.4676.jpg,1,0.8383112,1
dog.4677.jpg,1,0.9710347,1
dog.4678.jpg,1,0.28287217,0
dog.4679.jpg,1,0.9634631,1
dog.4680.jpg,1,0.9039282,1
dog.4681.jpg,1,0.8580369,1
dog.4682.jpg,1,0.8311113,1
dog.4683.jpg,1,0.86928236,1
dog.4684.jpg,1,0.8973359,1
dog.4685.jpg,1,0.63001055,1
dog.4686.jpg,1,0.89888394,1
dog.4687.jpg,1,0.4574358,0
dog.4688.jpg,1,0.6145645,1
dog.4689.jpg,1,0.5395532,1
dog.4690.jpg,1,0.33922744,0
dog.4691.jpg,1,0.5675235,1
dog.4692.jpg,1,0.88157314,1
dog.4693.jpg,1,0.7027806,1
dog.4694.jpg,1,0.85556257,1
dog.4695.jpg,1,0.69797343,1
dog.4696.jpg,1,0.9230332,1
dog.4697.jpg,1,0.67214805,1
dog.4698.jpg,1,0.9211922,1
dog.4699.jpg,1,0.49048784,0
dog.4700.jpg,1,0.5794449,1
dog.4701.jpg,1,0.3590714,0
dog.4702.jpg,1,0.8337968,1
dog.4703.jpg,1,0.44896975,0
dog.4704.jpg,1,0.8350477,1
dog.4705.jpg,1,0.5916454,1
dog.4706.jpg,1,0.2939494,0
dog.4707.jpg,1,0.63344914,1
dog.4708.jpg,1,0.58306813,1
dog.4709.jpg,1,0.8849504,1
dog.4710.jpg,1,0.6034906,1
dog.4711.jpg,1,0.69531846,1
dog.4712.jpg,1,0.41928965,0
dog.4713.jpg,1,0.843412,1
dog.4714.jpg,1,0.39154655,0
dog.4715.jpg,1,0.5006776,1
dog.4716.jpg,1,0.14113772,0
dog.4717.jpg,1,0.9997631,1
dog.4718.jpg,1,0.6955773,1
dog.4719.jpg,1,0.9986841,1
dog.4720.jpg,1,0.83580875,1
dog.4721.jpg,1,0.56745684,1
dog.4722.jpg,1,0.5508154,1
dog.4723.jpg,1,0.48766646,0
dog.4724.jpg,1,0.93822306,1
dog.4725.jpg,1,0.9580981,1
dog.4726.jpg,1,0.7907683,1
dog.4727.jpg,1,0.91350406,1
dog.4728.jpg,1,0.97964644,1
dog.4729.jpg,1,0.8324729,1
dog.4730.jpg,1,0.16974652,0
dog.4731.jpg,1,0.3284966,0
dog.4732.jpg,1,0.23816857,0
dog.4733.jpg,1,0.6969172,1
dog.4734.jpg,1,0.83377755,1
dog.4735.jpg,1,0.5945435,1
dog.4736.jpg,1,0.88112974,1
dog.4737.jpg,1,0.95419085,1
dog.4738.jpg,1,0.39574918,0
dog.4739.jpg,1,0.6376817,1
dog.4740.jpg,1,0.32176325,0
dog.4741.jpg,1,0.7435578,1
dog.4742.jpg,1,0.9779298,1
dog.4743.jpg,1,0.8238129,1
dog.4744.jpg,1,0.6765894,1
dog.4745.jpg,1,0.93113434,1
dog.4746.jpg,1,0.9948362,1
dog.4747.jpg,1,0.95329547,1
dog.4748.jpg,1,0.7911317,1
dog.4749.jpg,1,0.4655829,0
dog.4750.jpg,1,0.74110514,1
dog.4751.jpg,1,0.8028675,1
dog.4752.jpg,1,0.6229899,1
dog.4753.jpg,1,0.37255552,0
dog.4754.jpg,1,0.9241551,1
dog.4755.jpg,1,0.80292165,1
dog.4756.jpg,1,0.8192136,1
dog.4757.jpg,1,0.54113156,1
dog.4758.jpg,1,0.97894394,1
dog.4759.jpg,1,0.7335727,1
dog.4760.jpg,1,0.9475817,1
dog.4761.jpg,1,0.8548466,1
dog.4762.jpg,1,0.7719332,1
dog.4763.jpg,1,0.4716385,0
dog.4764.jpg,1,0.21123613,0
dog.4765.jpg,1,0.97274137,1
dog.4766.jpg,1,0.44913304,0
dog.4767.jpg,1,0.62479335,1
dog.4768.jpg,1,0.8608279,1
dog.4769.jpg,1,0.7483042,1
dog.4770.jpg,1,0.72687876,1
dog.4771.jpg,1,0.6001375,1
dog.4772.jpg,1,0.5279171,1
dog.4773.jpg,1,0.9854218,1
dog.4774.jpg,1,0.35196134,0
dog.4775.jpg,1,0.9385476,1
dog.4776.jpg,1,0.9955887,1
dog.4777.jpg,1,0.73540425,1
dog.4778.jpg,1,0.31249762,0
dog.4779.jpg,1,0.3396514,0
dog.4780.jpg,1,0.49952546,0
dog.4781.jpg,1,0.87635785,1
dog.4782.jpg,1,0.8238874,1
dog.4783.jpg,1,0.28432178,0
dog.4784.jpg,1,0.9484454,1
dog.4785.jpg,1,0.5375941,1
dog.4786.jpg,1,0.34331608,0
dog.4787.jpg,1,0.47996235,0
dog.4788.jpg,1,0.8396308,1
dog.4789.jpg,1,0.72676814,1
dog.4790.jpg,1,0.16702461,0
dog.4791.jpg,1,0.7802379,1
dog.4792.jpg,1,0.9438116,1
dog.4793.jpg,1,0.98605835,1
dog.4794.jpg,1,0.9487598,1
dog.4795.jpg,1,0.9307021,1
dog.4796.jpg,1,0.5158514,1
dog.4797.jpg,1,0.9954552,1
dog.4798.jpg,1,0.2088471,0
dog.4799.jpg,1,0.97498596,1
dog.4800.jpg,1,0.5444129,1
dog.4801.jpg,1,0.38073775,0
dog.4802.jpg,1,0.4736962,0
dog.4803.jpg,1,0.9025836,1
dog.4804.jpg,1,0.9432383,1
dog.4805.jpg,1,0.24156639,0
dog.4806.jpg,1,0.07874373,0
dog.4807.jpg,1,0.9091992,1
dog.4808.jpg,1,0.93982035,1
dog.4809.jpg,1,0.98518395,1
dog.4810.jpg,1,0.6613959,1
dog.4811.jpg,1,0.36902812,0
dog.4812.jpg,1,0.5304759,1
dog.4813.jpg,1,0.43646365,0
dog.4814.jpg,1,0.76662874,1
dog.4815.jpg,1,0.98688316,1
dog.4816.jpg,1,0.9396331,1
dog.4817.jpg,1,0.5534404,1
dog.4818(1).jpg,1,0.8769521,1
dog.4818.jpg,1,0.8769521,1
dog.4819.jpg,1,0.61216736,1
dog.4820.jpg,1,0.84248906,1
dog.4821.jpg,1,0.8069117,1
dog.4822.jpg,1,0.55164075,1
dog.4823.jpg,1,0.5010908,1
dog.4824(1).jpg,1,0.73217946,1
dog.4824.jpg,1,0.73217946,1
dog.4825.jpg,1,0.46214592,0
dog.4826.jpg,1,0.9961146,1
dog.4827.jpg,1,0.47788346,0
dog.4828.jpg,1,0.7953677,1
dog.4829.jpg,1,0.581217,1
dog.4830(1).jpg,1,0.72068745,1
dog.4830.jpg,1,0.72068745,1
dog.4831.jpg,1,0.9852228,1
dog.4832.jpg,1,0.56897694,1
dog.4833.jpg,1,0.8290199,1
dog.4834.jpg,1,0.88279074,1
dog.4835.jpg,1,0.75199866,1
dog.4836.jpg,1,0.74453014,1
dog.4837.jpg,1,0.808112,1
dog.4838.jpg,1,0.8121892,1
dog.4839.jpg,1,0.17994733,0
dog.4840.jpg,1,0.9492349,1
dog.4841.jpg,1,0.9542836,1
dog.4842.jpg,1,0.7397398,1
dog.4843.jpg,1,0.98296255,1
dog.4844.jpg,1,0.981608,1
dog.4845.jpg,1,0.67249143,1
dog.4846.jpg,1,0.99271095,1
dog.4847.jpg,1,0.8447068,1
dog.4848.jpg,1,0.80571103,1
dog.4849.jpg,1,0.62405366,1
dog.4850.jpg,1,0.93196094,1
dog.4851.jpg,1,0.45922965,0
dog.4852.jpg,1,0.64810735,1
dog.4853.jpg,1,0.9603697,1
dog.4854.jpg,1,0.6264788,1
dog.4855.jpg,1,0.24317224,0
dog.4856.jpg,1,0.98280615,1
dog.4857.jpg,1,0.44868138,0
dog.4858.jpg,1,0.9644862,1
dog.4859.jpg,1,0.9735275,1
dog.4860.jpg,1,0.5610644,1
dog.4861.jpg,1,0.9591232,1
dog.4862.jpg,1,0.70991457,1
dog.4863.jpg,1,0.77485603,1
dog.4864.jpg,1,0.94712687,1
dog.4865.jpg,1,0.9123903,1
dog.4866.jpg,1,0.15546702,0
dog.4867.jpg,1,0.46428233,0
dog.4868.jpg,1,0.47122777,0
dog.4869.jpg,1,0.18490058,0
dog.4870.jpg,1,0.4112327,0
dog.4871.jpg,1,0.35144016,0
dog.4872.jpg,1,0.77119577,1
dog.4873.jpg,1,0.7207374,1
dog.4874.jpg,1,0.9789551,1
dog.4875.jpg,1,0.7923638,1
dog.4876.jpg,1,0.8896108,1
dog.4877.jpg,1,0.5653256,1
dog.4878.jpg,1,0.92318237,1
dog.4879.jpg,1,0.94654816,1
dog.4880.jpg,1,0.43721646,0
dog.4881.jpg,1,0.42192432,0
dog.4882.jpg,1,0.47049448,0
dog.4883.jpg,1,0.23899199,0
dog.4884.jpg,1,0.4859156,0
dog.4885.jpg,1,0.9591722,1
dog.4886.jpg,1,0.5870723,1
dog.4887.jpg,1,0.92095566,1
dog.4888.jpg,1,0.901367,1
dog.4889.jpg,1,0.6862509,1
dog.4890.jpg,1,0.68308055,1
dog.4891.jpg,1,0.99891245,1
dog.4892.jpg,1,0.5122491,1
dog.4893.jpg,1,0.32878616,0
dog.4894.jpg,1,0.8685362,1
dog.4895.jpg,1,0.26033056,0
dog.4896.jpg,1,0.82505745,1
dog.4897.jpg,1,0.55643207,1
dog.4898.jpg,1,0.53059316,1
dog.4899.jpg,1,0.8533695,1
dog.4900.jpg,1,0.7859539,1
dog.4901.jpg,1,0.930641,1
dog.4902.jpg,1,0.62853634,1
dog.4903.jpg,1,0.54646915,1
dog.4904.jpg,1,0.73534954,1
dog.4905.jpg,1,0.9450259,1
dog.4906.jpg,1,0.6606684,1
dog.4907.jpg,1,0.84684336,1
dog.4908.jpg,1,0.76340926,1
dog.4909.jpg,1,0.5910978,1
dog.4910.jpg,1,0.77063125,1
dog.4911.jpg,1,0.71719426,1
dog.4912.jpg,1,0.6673985,1
dog.4913.jpg,1,0.7459708,1
dog.4914.jpg,1,0.33841124,0
dog.4915.jpg,1,0.5300276,1
dog.4916.jpg,1,0.9009234,1
dog.4917.jpg,1,0.4494781,0
dog.4918.jpg,1,0.99829656,1
dog.4919.jpg,1,0.9528588,1
dog.4920.jpg,1,0.8200385,1
dog.4921.jpg,1,0.8157318,1
dog.4922.jpg,1,0.8896764,1
dog.4923.jpg,1,0.83989155,1
dog.4924.jpg,1,0.6047654,1
dog.4925.jpg,1,0.67925215,1
dog.4926.jpg,1,0.3911662,0
dog.4927.jpg,1,0.59292406,1
dog.4928.jpg,1,0.69078463,1
dog.4929.jpg,1,0.8252481,1
dog.4930.jpg,1,0.8111314,1
dog.4931.jpg,1,0.5557802,1
dog.4932.jpg,1,0.49242172,0
dog.4933.jpg,1,0.79017633,1
dog.4934.jpg,1,0.66578525,1
dog.4935.jpg,1,0.9655644,1
dog.4936.jpg,1,0.9651361,1
dog.4937.jpg,1,0.9514754,1
dog.4938.jpg,1,0.49908817,0
dog.4939.jpg,1,0.8206053,1
dog.4940.jpg,1,0.54991484,1
dog.4941.jpg,1,0.90799344,1
dog.4942.jpg,1,0.8673824,1
dog.4943.jpg,1,0.45225322,0
dog.4944.jpg,1,0.4465353,0
dog.4945.jpg,1,0.5679507,1
dog.4946.jpg,1,0.9681864,1
dog.4947.jpg,1,0.64231706,1
dog.4948.jpg,1,0.974354,1
dog.4949.jpg,1,0.5060847,1
dog.4950.jpg,1,0.7562114,1
dog.4951.jpg,1,0.7600436,1
dog.4952.jpg,1,0.45099834,0
dog.4953.jpg,1,0.75112593,1
dog.4954.jpg,1,0.74484473,1
dog.4955.jpg,1,0.9804955,1
dog.4956.jpg,1,0.3327958,0
dog.4957.jpg,1,0.28216922,0
dog.4958.jpg,1,0.9928231,1
dog.4959.jpg,1,0.34208935,0
dog.4960.jpg,1,0.5461587,1
dog.4961.jpg,1,0.59776646,1
dog.4962.jpg,1,0.6200301,1
dog.4963.jpg,1,0.32452464,0
dog.4964.jpg,1,0.6024038,1
dog.4965.jpg,1,0.94922876,1
dog.4966.jpg,1,0.2844081,0
dog.4967.jpg,1,0.9854941,1
dog.4968.jpg,1,0.96858406,1
dog.4969.jpg,1,0.64090776,1
dog.4970.jpg,1,0.9601561,1
dog.4971.jpg,1,0.95533115,1
dog.4972.jpg,1,0.9374866,1
dog.4973.jpg,1,0.9849284,1
dog.4974.jpg,1,0.7183912,1
dog.4975.jpg,1,0.9934684,1
dog.4976.jpg,1,0.5254103,1
dog.4977.jpg,1,0.85128367,1
dog.4978.jpg,1,0.91347474,1
dog.4979.jpg,1,0.5278361,1
dog.4980.jpg,1,0.6681545,1
dog.4981.jpg,1,0.8932391,1
dog.4982.jpg,1,0.40776917,0
dog.4983.jpg,1,0.9034286,1
dog.4984.jpg,1,0.65951777,1
dog.4985.jpg,1,0.7294395,1
dog.4986.jpg,1,0.9400446,1
dog.4987.jpg,1,0.326804,0
dog.4988.jpg,1,0.27090085,0
dog.4989.jpg,1,0.76814646,1
dog.4990.jpg,1,0.9352654,1
dog.4991.jpg,1,0.51617956,1
dog.4992.jpg,1,0.6107906,1
dog.4993.jpg,1,0.92084277,1
dog.4994.jpg,1,0.5063896,1
dog.4995.jpg,1,0.5485762,1
dog.4996.jpg,1,0.77647537,1
dog.4997.jpg,1,0.9869905,1
dog.4998.jpg,1,0.23303683,0
dog.4999.jpg,1,0.53064036,1
dog.5000.jpg,1,0.77002203,1
